,train score,test score
Neural Network,0.9042144417762756,0.8810043931007385
